Date,Revenue,Orders,AOV,rev_z,ord_z,aov_z,Anomaly
2010-12-01,58635.56,3108,18.87,1.5343463709939182,1.6067518810403032,0.11500513668472233,False
2010-12-02,46207.28,2109,21.91,0.8194895330476116,0.4010053490264738,0.5666857650059456,False
2010-12-03,45620.46,2202,20.72,0.7857364884071906,0.5132520231779114,0.38987657168283496,False
2010-12-05,31383.95,2725,11.52,-0.03312714533705816,1.1444886960940603,-0.9770516456050778,False
2010-12-06,53860.18,3878,13.89,1.2596733634021973,2.536106064874786,-0.6249190504993871,False
2010-12-07,45059.05,2963,15.21,0.7534449905175845,1.4317436256429006,-0.4287945671493822,False
2010-12-08,44189.84,2647,16.69,0.7034492781493957,1.0503463242251128,-0.20889741915089177,False
2010-12-09,52532.13,2891,18.17,1.1832858324136297,1.344842974686949,0.010999728847598625,False
2010-12-10,57404.91,2758,20.81,1.4635611482906463,1.1843181611155382,0.40324869554760795,False
2010-12-12,17240.92,1451,11.88,-0.846613943572997,-0.3931700444320846,-0.9235631501459854,False
2010-12-13,35379.34,2283,15.5,0.1966819563055095,0.611015255503357,-0.38570661247400245,False
2010-12-14,42843.29,2087,20.53,0.6259976536980159,0.37445237234548856,0.3616465324127588,False
2010-12-15,29443.69,1349,21.83,-0.14472811734555027,-0.5162792999530161,0.5547994326817026,False
2010-12-16,48334.35,1790,27.0,0.9418355482878903,0.01598718715218789,1.3229536591358888,False
2010-12-17,43534.19,3115,13.98,0.665737230641656,1.6152005554387985,-0.6115469266346141,False
2010-12-19,7517.31,522,14.4,-1.4059020428130435,-1.514429832460961,-0.5491436819323398,False
2010-12-20,24741.75,1763,14.03,-0.41517696148273225,-0.016600556956293987,-0.6041179689319626,False
2010-12-21,47097.94,1586,29.7,0.8707190186470075,-0.23023132388967518,1.7241173750790804,False
2010-12-22,6134.57,291,21.08,-1.4854352641519477,-1.793236087611306,0.4433650671419271,False
2010-12-23,11796.31,963,12.25,-1.1597801007927282,-0.982163345355757,-0.868588863146363,False
2011-01-04,14950.48,1184,12.63,-0.9783567668683957,-0.7154266250604053,-0.81212878460621,False
2011-01-05,-1566.23,1743,-0.9,-1.9283742337967353,-0.040739626666280566,-2.82240473894376,False
2011-01-06,37392.74,1832,20.41,0.31248983619887327,0.0666792335431597,0.34381703392639457,False
2011-01-07,27233.14,1794,15.18,-0.27187578243856453,0.020815001094185204,-0.43325194177097337,False
2011-01-09,15710.8,1117,14.07,-0.9346242511037577,-0.7962925085888604,-0.598174802769841,False
2011-01-10,24191.64,1976,12.24,-0.4468184995815394,0.24048053545506304,-0.8700746546868933,False
2011-01-11,67817.13,1454,46.64,2.0624571069592066,-0.3895491839755866,4.241048244737477,True
2011-01-12,23958.78,1809,13.24,-0.4602122727572465,0.03891930337667514,-0.7214955006338593,False
2011-01-13,20533.54,1445,14.21,-0.6572271642472359,-0.40041176534508055,-0.5773737212024161,False
2011-01-14,47377.26,1510,31.38,0.8867851043785135,-0.32195978878762416,1.9737303538881776,False
2011-01-16,7116.61,646,11.02,-1.4289497320319124,-1.3647676002590443,-1.0513412226315948,False
2011-01-17,29256.0,2557,11.44,-0.15552377691502742,0.9417205105301731,-0.9889379779293206,False
2011-01-18,18680.8,1447,12.91,-0.7637941113981402,-0.3979978583740819,-0.7705266214713605,False
2011-01-19,25585.81,1416,18.07,-0.36662784103831353,-0.4354134164245611,-0.0038581865577049877,False
2011-01-20,17995.91,1502,11.98,-0.80318800176278,-0.3316154166716188,-0.9087052347406821,False
2011-01-21,31978.44,1594,20.06,0.001067066701188351,-0.22057569600568055,0.29181433000783247,False
2011-01-23,10285.95,879,11.7,-1.2466538414680737,-1.0835474381377006,-0.9503073978755318,False
2011-01-24,25555.62,1485,17.21,-0.36836432653249296,-0.3521336259251074,-0.13163625904331416,False
2011-01-25,27971.52,1654,16.91,-0.22940522400225682,-0.14815848687572084,-0.17621000525922445,False
2011-01-26,19493.32,1289,15.12,-0.7170591265114035,-0.5886965090829759,-0.4421666910141555,False
2011-01-27,21092.14,1575,13.39,-0.6250972935268462,-0.24350781223016782,-0.6992086275259042,False
2011-01-28,18567.77,1008,18.42,-0.7702954348630985,-0.9278504385082872,0.04814451736085713,False
2011-01-30,6456.44,722,8.94,-1.4669217634559724,-1.2730391353610953,-1.3603858630619057,False
2011-01-31,22364.65,1509,14.82,-0.5519043436693393,-0.32316674227312353,-0.48674043723006555,False
2011-02-01,28433.22,1574,18.06,-0.20284890228438354,-0.24471476571566714,-0.0053439780982355595,False
2011-02-02,21048.45,1411,14.92,-0.627610279656051,-0.44144818385205775,-0.4718825218247622,False
2011-02-03,23344.58,989,23.6,-0.49554017572263026,-0.9507825547327745,0.8177845353555733,False
2011-02-04,24994.17,1232,20.29,-0.4006581251647216,-0.6574928577564376,0.32598753544003034,False
2011-02-06,3457.11,279,12.39,-1.6394389226893895,-1.8077195294372979,-0.8477877815789382,False
2011-02-07,25525.99,1261,20.24,-0.37006860162995997,-0.622491206676957,0.31855857773737856,False
2011-02-08,20728.14,1228,16.88,-0.6460340513897569,-0.6623206716984349,-0.18066737988081566,False
2011-02-09,16692.58,879,18.99,-0.8781536738107673,-1.0835474381377006,0.13283463517108604,False
2011-02-10,13427.54,785,17.11,-1.065954091098454,-1.1970010657746375,-0.14649417444861776,False
2011-02-11,20387.28,957,21.3,-0.6656398296456683,-0.989405066268753,0.47605248103359493,False
2011-02-13,5535.4,624,8.87,-1.519898663077003,-1.3913205769400294,-1.3707864038456181,False
2011-02-14,26222.03,1108,23.67,-0.3300333792593548,-0.8071550899583544,0.8281850761392857,False
2011-02-15,36842.58,1335,27.6,0.2808454221717885,-0.5331766487500067,1.4121011515677093,False
2011-02-16,24730.81,1191,20.76,-0.4158062145899306,-0.70697795066191,0.3958197378449567,False
2011-02-17,26361.87,1719,15.34,-0.3219899830518014,-0.06970651031826446,-0.4094792771224879,False
2011-02-18,15928.4,854,18.65,-0.9221082112384572,-1.113721275275184,0.08231772279305449,False
2011-02-20,9578.89,864,11.09,-1.2873229184311221,-1.1016517404201907,-1.0409406818478824,False
2011-02-21,23807.83,1425,16.71,-0.468894700228143,-0.42455083505506713,-0.20592583606983117,False
2011-02-22,32292.62,1593,20.27,0.019138249628027047,-0.2217826494911799,0.32301595235896974,False
2011-02-23,26792.76,1578,16.98,-0.2972058083387531,-0.2398869517736698,-0.16580946447551204,False
2011-02-24,22655.83,1294,17.51,-0.5351560877503219,-0.5826617416554792,-0.08706251282740385,False
2011-02-25,18029.84,978,18.44,-0.8012363968334159,-0.9640590430732671,0.05111610044191774,False
2011-02-27,9491.05,812,11.69,-1.2923753492296883,-1.1644133216661556,-0.9517931894160621,False
2011-02-28,21753.68,1737,12.52,-0.5870464616679727,-0.04798134757927654,-0.8284724915520438,False
2011-03-01,25471.71,1361,18.72,-0.3731907093684183,-0.5017958581270242,0.09271826357676691,False
2011-03-02,18296.45,935,19.57,-0.785901372070145,-1.0159580429497383,0.21901054452184604,False
2011-03-03,35842.62,1389,25.8,0.22332915735696388,-0.46800116053304297,1.144658674272248,False
2011-03-04,19474.87,1107,17.59,-0.7181203440459384,-0.8083620434438537,-0.07517618050316138,False
2011-03-06,9596.23,844,11.37,-1.286325546504356,-1.1257908101301772,-0.999338518713033,False
2011-03-07,30525.58,1971,15.49,-0.08249935645460382,0.2344457680275664,-0.38719240401453275,False
2011-03-08,25017.47,1600,15.64,-0.3993179425872329,-0.2133339750926846,-0.3649055309065776,False
2011-03-09,21907.12,1277,17.16,-0.5782208129688381,-0.6031799509089678,-0.13906521674596595,False
2011-03-10,25597.89,1131,22.63,-0.3659330167663796,-0.7793951597918698,0.6736627559241299,False
2011-03-11,21995.28,959,22.94,-0.5731499762292936,-0.9869911592977544,0.7197222936805708,False
2011-03-13,4137.62,537,7.71,-1.6002969636418913,-1.496325530178471,-1.5431382225471373,False
2011-03-14,25864.59,1111,23.28,-0.35059281533220854,-0.8035342295018564,0.7702392060586023,False
2011-03-15,20660.03,1292,15.99,-0.6499516408898746,-0.5850756486264779,-0.31290282698801575,False
2011-03-16,21182.64,874,24.24,-0.6198918633438972,-1.0895822055651974,0.9128751939495146,False
2011-03-17,38804.25,2074,18.71,0.3936778666688653,0.35876197703399726,0.09123247203623687,False
2011-03-18,16770.46,1379,12.16,-0.8736741279251534,-0.48007069538803626,-0.881960987011136,False
2011-03-20,21980.64,1453,15.13,-0.5739920480290546,-0.3907561374610859,-0.44068089947362493,False
2011-03-21,16370.27,1068,15.33,-0.8966924826755881,-0.8554332293783276,-0.41096506866301824,False
2011-03-22,31312.35,2384,13.13,-0.037245474630971484,0.7329175575387892,-0.7378392075796929,False
2011-03-23,24029.07,1319,18.22,-0.45616929278421353,-0.552487904517996,0.018428686550249904,False
2011-03-24,36562.1,1577,23.18,0.2647126149042356,-0.24109390525916916,0.7553812906532987,False
2011-03-25,30656.03,1386,22.12,-0.07499605957763504,-0.471622020989541,0.5978873873570829,False
2011-03-27,8979.98,737,12.18,-1.3217713625291327,-1.2549348330786054,-0.8789894039300754,False
2011-03-28,19207.03,1672,11.49,-0.733526116644845,-0.12643332413673292,-0.9815090202266687,False
2011-03-29,70531.47,1983,35.57,2.218582050194407,0.24892920985355835,2.5962770093703904,False
2011-03-30,31489.25,1590,19.8,-0.02707044038385904,-0.22540350994767788,0.2531837499540439,False
2011-03-31,31004.08,1738,17.84,-0.05497672283536547,-0.04677439409377721,-0.03803139198990287,False
2011-04-01,24391.78,1261,19.34,-0.435306733870872,-0.622491206676957,0.18483733908964814,False
2011-04-03,6878.1,731,9.41,-1.4426684851030194,-1.2621765539916012,-1.2905536606569796,False
2011-04-04,25073.02,1705,14.71,-0.3961227862705168,-0.08660385911525506,-0.5030841441758992,False
2011-04-05,28353.83,1215,23.34,-0.2074153012039892,-0.6780110670099262,0.7791539553017842,False
2011-04-06,17279.35,1122,15.4,-0.8444035050986244,-0.7902577411613637,-0.4005645278793058,False
2011-04-07,18229.0,1527,11.94,-0.7897809993169947,-0.3014415795341356,-0.9146484009028036,False
2011-04-08,23299.14,1441,16.17,-0.4981538193415608,-0.4052395792870779,-0.2861585792584694,False
2011-04-10,9363.88,940,9.96,-1.2996899852116288,-1.0099232755222416,-1.2088351259278107,False
2011-04-11,22110.31,1259,17.56,-0.5665336156332204,-0.6249051136479558,-0.07963355512475256,False
2011-04-12,25124.25,1152,21.81,-0.39317611015700876,-0.7540491365963838,0.551827849600642,False
2011-04-13,23898.2,1052,22.72,-0.4636967474587166,-0.8747444851463168,0.687034879788903,False
2011-04-14,35295.58,1608,21.95,0.19186420125441805,-0.20367834720868996,0.5726289311680668,False
2011-04-15,28327.131,1483,19.1,-0.20895098938580753,-0.3545475328961061,0.14917834211692022,False
2011-04-17,12704.3,968,13.12,-1.107553818452222,-0.9761285779282604,-0.7393249991202235,False
2011-04-18,32185.61,3208,10.03,0.012983187927724741,1.727447229590236,-1.1984345851440985,False
2011-04-19,23837.65,1887,12.63,-0.46717949660321995,0.1330616752456228,-0.81212878460621,False
2011-04-20,28239.39,1025,27.55,-0.21399772584638357,-0.9073322292547986,1.4046721938650575,False
2011-04-21,31198.6,1930,16.17,-0.043788211463131076,0.18496067512209394,-0.2861585792584694,False
2011-04-26,30585.54,1903,16.07,-0.07905054326377936,0.15237293101361205,-0.301016494663773,False
2011-04-27,25590.56,1307,19.58,-0.36635462785191564,-0.5669713463439879,0.22049633606237606,False
2011-04-28,21241.9,1192,17.82,-0.6164833131489628,-0.7057709971764108,-0.04100297507096349,False
2011-05-01,6964.66,452,15.41,-1.4376896780683666,-1.5989165764459141,-0.3990787363387755,False
2011-05-03,19617.86,1449,13.54,-0.709895764356879,-0.3955839514030832,-0.6769217544179492,False
2011-05-04,27462.3,1161,23.65,-0.25869482795542004,-0.7431865552268899,0.8252134930582246,False
2011-05-05,28750.65,1838,15.64,-0.18459078401948315,0.07392095445615567,-0.3649055309065776,False
2011-05-06,35714.58,2051,17.41,0.2159644802229883,0.3310020468675127,-0.10192042823270746,False
2011-05-08,18808.92,1506,12.49,-0.7564248327789203,-0.3267876027296215,-0.8329298661736347,False
2011-05-09,26060.43,1766,14.76,-0.3393283794534381,-0.012979696499796002,-0.49565518647324763,False
2011-05-10,45564.12,2586,17.62,0.7824958924236842,0.9767221616096536,-0.07071880588157019,False
2011-05-11,33240.36,1701,19.54,0.0736508949494419,-0.09143167305725237,0.21455316990025483,False
2011-05-12,59911.97,1965,30.49,1.6077636432570992,0.22720404711457043,1.8414949067809772,False
2011-05-13,30744.07,1425,21.57,-0.06993212506595736,-0.42455083505506713,0.516168852627914,False
2011-05-15,9924.28,809,12.27,-1.2674565810732357,-1.1680341821226536,-0.8656172800653024,False
2011-05-16,25279.77,1609,15.71,-0.3842308228415146,-0.20247139372319062,-0.3545049901228652,False
2011-05-17,53603.83,1932,27.75,1.244928479121546,0.18737458209309257,1.4343880246756642,False
2011-05-18,34337.29,1366,25.14,0.1367447350663722,-0.4957610906995275,1.0465964325972454,False
2011-05-19,34348.75,1949,17.62,0.13740389782766047,0.20789279134658117,-0.07071880588157019,False
2011-05-20,26256.52,1129,23.26,-0.32804956393327833,-0.7818090667628684,0.7672676229775417,False
2011-05-22,24205.37,1564,15.48,-0.4460287696764357,-0.25678430057066043,-0.38867819555506306,False
2011-05-23,30739.55,1646,18.68,-0.07019210898227705,-0.15781411475971546,0.08677509741464567,False
2011-05-24,37028.91,1750,21.16,0.29156285649210767,-0.032290952267785264,0.4552513994661701,False
2011-05-25,24152.28,1322,18.27,-0.44908243032188055,-0.548867044061498,0.02585764425290171,False
2011-05-26,33208.59,971,34.2,0.07182353012168158,-0.9725077174717625,2.392723568317734,False
2011-05-27,28232.19,1170,24.13,-0.21441185951839722,-0.732323973857396,0.8965314870036809,False
2011-05-29,7208.3,632,11.41,-1.4236758547559503,-1.3816649490560349,-0.9933953525509115,False
2011-05-31,21967.96,1281,17.15,-0.574721383440323,-0.5983521369669704,-0.14055100828649653,False
2011-06-01,20191.2,1456,13.87,-0.6769180699801723,-0.38713527700458794,-0.627890633580448,False
2011-06-02,32502.01,1588,20.47,0.031182062070100828,-0.22781741691867652,0.35273178316957643,False
2011-06-03,16751.0,858,19.52,-0.8747934392109014,-1.1088934613331867,0.21158158681919423,False
2011-06-05,25520.35,1561,16.35,-0.3703930063397041,-0.2604051610271584,-0.25941433152892335,False
2011-06-06,16791.39,1229,13.66,-0.8724702643480361,-0.6611137182129356,-0.659092255931585,False
2011-06-07,37644.3,1926,19.55,0.32695920655050487,0.1801328611800966,0.2160389614407854,False
2011-06-08,42940.91,2327,18.45,0.6316126160677339,0.6641212088653274,0.05260189198244779,False
2011-06-09,45515.75,1850,24.6,0.7797137194076704,0.08840439628214762,0.9663636894086073,False
2011-06-10,22540.66,1067,21.13,-0.5417805009455732,-0.8566401828638268,0.4507940248445789,False
2011-06-12,12483.86,1075,11.61,-1.1202332110437054,-0.8469845549798322,-0.9636795217403048,False
2011-06-13,20372.93,1472,13.84,-0.6664652210614176,-0.3678240212365987,-0.632348008202039,False
2011-06-14,40211.93,1587,25.34,0.4746456010327722,-0.22902437040417586,1.0763122634078521,False
2011-06-15,46139.18,1718,26.86,0.8155725187331496,-0.07091346380376379,1.302152577568464,False
2011-06-16,34131.73,1534,22.25,0.12492121873038352,-0.2929929051356403,0.6172026773839772,False
2011-06-17,20800.72,961,21.64,-0.6418593539015973,-0.9845772523267557,0.5265693934116265,False
2011-06-19,22360.01,1167,19.16,-0.552171229813526,-0.735944834313894,0.15809309136010208,False
2011-06-20,33493.4,2020,16.58,0.08820539277809832,0.29358648881703353,-0.22524112609672597,False
2011-06-21,22730.01,1538,14.78,-0.5308893605572707,-0.288165091193643,-0.49268360339218703,False
2011-06-22,21794.94,1017,21.43,-0.5846732456530725,-0.9169878571387933,0.49536777106048924,False
2011-06-23,24273.31,1973,12.3,-0.4421209583324626,0.23685967499856506,-0.8611599054437111,False
2011-06-24,8619.88,1039,8.3,-1.3424837979863695,-0.890434880457808,-1.4554765216558472,False
2011-06-26,6175.17,708,8.72,-1.4831000103903154,-1.2899364841580858,-1.393073276953573,False
2011-06-27,16823.86,1182,14.23,-0.8706026365243857,-0.7178405320314041,-0.5744021381213555,False
2011-06-28,34704.64,1043,33.27,0.15787418012390023,-0.8856070665158108,2.2545449550484125,False
2011-06-29,21775.43,1358,16.03,-0.5857954328670982,-0.5054167185835221,-0.30695966082589426,False
2011-06-30,43834.55,1620,27.06,0.6830135069924907,-0.189194905382698,1.3318684083790706,False
2011-07-01,13171.82,1027,12.83,-1.0806627386828043,-0.9049183222838,-0.7824129537956033,False
2011-07-03,5977.14,602,9.93,-1.4944904119276565,-1.4178735536210147,-1.213292500549402,False
2011-07-04,44154.75,2200,20.07,0.7014309516839852,0.5108381162069127,0.29330012154836305,False
2011-07-05,40334.97,2202,18.32,0.4817226853389605,0.5132520231779114,0.03328660195555352,False
2011-07-06,26279.58,1816,14.47,-0.32672318581152354,0.04736797777517044,-0.5387431411486274,False
2011-07-07,31357.72,1940,16.16,-0.03463585731162997,0.1970302099770872,-0.28764437079899996,False
2011-07-08,26840.08,1630,16.47,-0.2944840298165745,-0.17712537052770472,-0.24158483304255962,False
2011-07-10,5692.07,820,6.94,-1.510887229411118,-1.154757693782161,-1.6575441711679735,False
2011-07-11,22429.53,1515,14.8,-0.5481725391359723,-0.3159250213601275,-0.48971202031112615,False
2011-07-12,25892.04,1667,15.53,-0.34901393070765657,-0.13246809156422956,-0.3812492378524115,False
2011-07-13,11612.05,1618,7.18,-1.1703784716823433,-0.19160881235369667,-1.6218851741952456,False
2011-07-14,32575.96,1734,18.79,0.035435559993074066,-0.051602208035774526,0.10311880436047934,False
2011-07-15,14478.93,1136,12.75,-1.0054796464570097,-0.7733603923643732,-0.794299286119846,False
2011-07-17,17174.66,1248,13.76,-0.8504251237268334,-0.6381816019884483,-0.6442343405262817,False
2011-07-18,28443.27,2234,12.73,-0.20227084070053122,0.5518745347138899,-0.7972708692009066,False
2011-07-19,49316.78,1667,29.58,0.9983435126484929,-0.13246809156422956,1.7062878765927163,False
2011-07-20,27305.41,2015,13.55,-0.2677189157057278,0.2875517213895369,-0.6754359628774187,False
2011-07-21,30957.07,1570,19.72,-0.057680670602221165,-0.24954257965766444,0.24129741762980092,False
2011-07-22,20015.23,1301,15.38,-0.6870396119613164,-0.574213067256984,-0.4035361109603664,False
2011-07-24,26476.2,1125,23.53,-0.31541388545161836,-0.7866368807048658,0.8073839945718608,False
2011-07-25,26687.65,1946,13.71,-0.30325158476449615,0.2042719308900832,-0.6516632982289332,False
2011-07-26,21271.301,1279,16.63,-0.6147922098030084,-0.6007660439379692,-0.21781216839407416,False
2011-07-27,25568.45,1259,20.31,-0.3676263633363908,-0.6249051136479558,0.32895911852109094,False
2011-07-28,55706.88,1565,35.6,1.3658928984171343,-0.2555773470851611,2.6007343839919814,False
2011-07-29,18094.21,1131,16.0,-0.7975339267684831,-0.7793951597918698,-0.31141703544748545,False
2011-07-31,33486.36,1271,26.35,0.08780046207657384,-0.6104216718219637,1.226377209001417,False
2011-08-01,21362.84,1200,17.8,-0.6095270178304453,-0.6961153692924161,-0.043974558152024106,False
2011-08-02,14947.27,1369,10.92,-0.9785414014638351,-0.49214023024302955,-1.0661991380368983,False
2011-08-03,27075.02,1560,17.36,-0.280970618024508,-0.26161211451265776,-0.10934938593535927,False
2011-08-04,61028.65,1839,33.19,1.671993475043789,0.075127907941655,2.2426586227241687,False
2011-08-05,21298.3,1455,14.64,-0.6132392660515229,-0.38834223049008726,-0.5134846849596116,False
2011-08-07,7464.12,541,13.8,-1.4089614553150442,-1.4914977162364738,-0.6382911743641602,False
2011-08-08,19987.15,1490,13.41,-0.6886547332821693,-0.34609885849761074,-0.6962370444448435,False
2011-08-09,26623.2,1119,23.79,-0.3069586563146737,-0.7938786016178617,0.8460145746256494,False
2011-08-10,27474.22,1376,19.97,-0.25800920665397514,-0.4836915558445342,0.2784422061430594,False
2011-08-11,72132.79,1984,36.36,2.3106876795928573,0.2501361633390577,2.713654541072287,False
2011-08-12,10049.48,1122,8.96,-1.2602552566654432,-0.7902577411613637,-1.3574142799808449,False
2011-08-14,5150.18,557,9.25,-1.5420559649010428,-1.4721864604684844,-1.3143263253054651,False
2011-08-15,17205.54,926,18.58,-0.8486489504224194,-1.0268206243192322,0.07191718200934206,False
2011-08-16,19103.71,1035,18.46,-0.7394689348382404,-0.8952626943998053,0.05408768352297836,False
2011-08-17,49392.22,1666,29.65,1.0026827132341467,-0.13367504504972888,1.7166884173764285,False
2011-08-18,53225.67,1539,34.58,1.2231772583703415,-0.28695813770814366,2.4491836468578865,False
2011-08-19,17248.54,819,21.06,-0.8461756521034491,-1.1559646472676604,0.4403934840608665,False
2011-08-21,14549.21,1070,13.6,-1.0014372416696324,-0.8530193224073288,-0.6680070051747671,False
2011-08-22,27978.41,1272,22.0,-0.22900892108556606,-0.6092147183364645,0.5800578888707186,False
2011-08-23,25756.3,1458,17.67,-0.3568215007964245,-0.3847213700335893,-0.06328984817891838,False
2011-08-24,37074.9,1876,19.76,0.2942081353220945,0.11978518690513017,0.24724058379192268,False
2011-08-25,22458.88,1342,16.74,-0.5464843692368611,-0.5247279743515114,-0.2014684614482405,False
2011-08-26,25550.23,929,27.5,-0.36867435160084755,-1.0231997638627341,1.3972432361624056,False
2011-08-28,10784.78,1200,8.99,-1.2179618554110525,-0.6961153692924161,-1.3529569053592538,False
2011-08-30,31640.9,3235,9.78,-0.01834774991707213,1.760034973698718,-1.235579373657357,False
2011-08-31,16118.0,1305,12.35,-0.9112026912087653,-0.5693852533149866,-0.8537309477410596,False
2011-09-01,37296.6,1405,26.55,0.30696000130618034,-0.4486899047650537,1.2560930398120236,False
2011-09-02,41745.07,2376,17.57,0.5628296146315164,0.7232619296547945,-0.078147763584222,False
2011-09-04,17018.49,1343,12.67,-0.8594077981099397,-0.523521020866012,-0.8061856184440888,False
2011-09-05,36844.04,1587,23.22,0.28092939927750227,-0.22902437040417586,0.7613244568154199,False
2011-09-06,28052.62,1140,24.61,-0.22474046833554795,-0.7685325784223759,0.9678494809491374,False
2011-09-07,34125.65,2112,16.16,0.12457150585179415,0.4046262094829718,-0.28764437079899996,False
2011-09-08,26708.0,1779,15.01,-0.3020810819554022,0.0027106988116952723,-0.45851039795998916,False
2011-09-09,29317.69,1607,18.24,-0.1519754566057886,-0.20488530069418928,0.02140026963131052,False
2011-09-11,35465.47,2032,17.45,0.2016360303569727,0.30806993064302546,-0.09597726207058623,False
2011-09-12,29039.31,1702,17.06,-0.1679874748856705,-0.09022471957175304,-0.15392313215126957,False
2011-09-13,54828.45,2438,22.49,1.3153668648745063,0.798093045755753,0.6528616743567051,False
2011-09-14,23360.66,1376,16.98,-0.49461527718846665,-0.4836915558445342,-0.16580946447551204,False
2011-09-15,62943.81,2197,28.65,1.782150731056789,0.5072172557504148,1.5681092633233946,False
2011-09-16,25858.06,1475,17.53,-0.35096841156529857,-0.3642031607801007,-0.08409092974634323,False
2011-09-18,15692.33,1274,12.32,-0.9356866190096037,-0.6068008113654658,-0.8581883223626505,False
2011-09-19,46212.21,1436,32.18,0.8197730995758098,-0.4112743467145745,2.092593677130605,False
2011-09-20,109286.21,1718,63.61,4.447699103546218,-0.07091346380376379,6.762436489017464,True
2011-09-21,42944.07,3129,13.72,0.6317943747348953,1.6320979042357893,-0.6501775066884029,False
2011-09-22,57076.83,2748,20.77,1.4446904573025592,1.172248626260545,0.39730552938548674,False
2011-09-23,39426.48,2642,14.92,0.4294676437156757,1.044311556797616,-0.4718825218247622,False
2011-09-25,31210.921,1987,15.71,-0.04307952521689778,0.25375702379555565,-0.3545049901228652,False
2011-09-26,28642.271,1554,18.43,-0.19082458863603372,-0.2688538354256537,0.04963030890138717,False
2011-09-27,35752.16,1897,18.85,0.21812602791663727,0.14513121010061608,0.11203355360366171,False
2011-09-28,43383.04,2877,15.08,0.6570432994576478,1.3279456258899582,-0.4481098571762767,False
2011-09-29,43464.33,2508,17.33,0.6617189836518127,0.8825797897407059,-0.11380676055695045,False
2011-09-30,43992.85,1887,23.31,0.6921186959202343,0.1330616752456228,0.774696580680193,False
2011-10-02,11623.58,1429,8.13,-1.1697152826214658,-0.4197230211130698,-1.480734977844863,False
2011-10-03,64214.78,2296,27.97,1.8552551023233372,0.6267056508148483,1.4670754385673315,False
2011-10-04,48240.84,2797,17.25,0.9364569872226133,1.231389347050012,-0.12569309288119293,False
2011-10-05,75244.43,2447,30.75,2.4896647489240316,0.8089556271252469,1.8801254868347663,False
2011-10-06,55306.28,3189,17.34,1.3428509610548214,1.704515113365749,-0.11232096901641989,False
2011-10-07,47538.02,2426,19.6,0.8960317889775284,0.783609603929761,0.22346791914343722,False
2011-10-09,11922.24,1292,9.23,-1.152536787832079,-0.5850756486264779,-1.3172979083865257,False
2011-10-10,44265.89,3232,13.7,0.7078235650600397,1.75641411324222,-0.6531490897694637,False
2011-10-11,38267.75,2467,15.51,0.362819156247295,0.8330946968352335,-0.38422082093347215,False
2011-10-12,29302.85,2193,13.36,-0.1528290321186611,0.5023894418084174,-0.7036660021474953,False
2011-10-13,37067.17,2358,15.72,0.29376351681033525,0.7015367669158067,-0.3530191985823349,False
2011-10-14,35225.54,1810,19.46,0.18783560092277443,0.04012625686217446,0.20266683757601237,False
2011-10-16,21605.44,1254,17.23,-0.5955730138262088,-0.6309398810754524,-0.12866467596225353,False
2011-10-17,47064.14,2944,15.99,0.8687748911311657,1.4088115094184133,-0.31290282698801575,False
2011-10-18,44637.84,2908,15.35,0.729217595519132,1.3653611839404376,-0.4079934855819576,False
2011-10-19,36003.43,2318,15.53,0.2325787178842568,0.6532586274958335,-0.3812492378524115,False
2011-10-20,60793.14,2350,25.87,1.6584472776693546,0.691881139031812,1.1550592150559604,False
2011-10-21,62961.26,1404,44.84,1.7831544300257667,-0.44989685825055303,3.973605767442016,True
2011-10-23,12302.41,1728,7.12,-1.1306699547641041,-0.058843928948770496,-1.6307999234384274,False
2011-10-24,38407.72,2976,12.91,0.3708700298683709,1.4474340209543919,-0.7705266214713605,False
2011-10-25,40807.49,2492,16.38,0.5089013579361652,0.8632685339727167,-0.25495695690733267,False
2011-10-26,37842.08,1930,19.61,0.3383352284464567,0.18496067512209394,0.22495371068396727,False
2011-10-27,47480.15,2540,18.69,0.8927031895887193,0.9212023012766845,0.08826088895517625,False
2011-10-28,39559.47,1641,24.11,0.43711703774916044,-0.1638488821872121,0.8935599039226203,False
2011-10-30,34545.28,2907,11.88,0.14870802151666546,1.364154230454938,-0.9235631501459854,False
2011-10-31,48475.45,3414,14.2,0.9499514178880459,1.976079647603098,-0.5788595127429468,False
2011-11-01,28741.55,1786,16.09,-0.18511420296605602,0.011159373210190573,-0.2980449115827124,False
2011-11-02,45239.06,2632,17.19,0.7637989075035803,1.0322420219426227,-0.13460784212437477,False
2011-11-03,62816.55,2419,25.97,1.7748309184039486,0.7751609295312657,1.1699171304612634,False
2011-11-04,60081.76,3011,19.95,1.617529720503098,1.4896773929468683,0.2754706230619988,False
2011-11-06,42912.4,3437,12.49,0.629972761763691,2.0038395777695825,-0.8329298661736347,False
2011-11-07,70001.08,2099,33.35,2.1880747782083927,0.3889358141714805,2.266431287372655,False
2011-11-08,56647.66,4070,13.92,1.4200052145222697,2.7678411340906575,-0.6204616758777962,False
2011-11-09,62599.43,2716,23.05,1.7623424874501155,1.1336261147245663,0.7360660006264045,False
2011-11-10,68956.24,3275,21.06,2.12797708017135,1.8083131131186911,0.4403934840608665,False
2011-11-11,54835.51,4089,13.41,1.3157729459473422,2.790773250315145,-0.6962370444448435,False
2011-11-13,33520.22,3018,11.11,0.08974804070634904,1.4981260673453636,-1.0379690987668218,False
2011-11-14,112141.11,3597,31.18,4.611908856356173,2.196952135449475,1.944014523077571,True
2011-11-15,60594.23,3445,17.59,1.6470062597943231,2.013495205653577,-0.07517618050316138,False
2011-11-16,64408.7,4195,15.35,1.8664091025562373,2.9187103197780733,-0.4079934855819576,False
2011-11-17,60329.72,3621,16.66,1.6317920240187227,2.225919019101459,-0.21335479377248295,False
2011-11-18,48031.8,2920,16.45,0.924433306278485,1.3798446257664294,-0.24455641612362022,False
2011-11-20,34902.01,3334,10.47,0.16922661940797368,1.8795233687631516,-1.1330597573607635,False
2011-11-21,48302.5,2930,16.49,0.9400035819748856,1.3919141606214227,-0.238613249961499,False
2011-11-22,62307.32,3967,15.71,1.7455407392651296,2.6435249250842263,-0.3545049901228652,False
2011-11-23,78480.7,3619,21.69,2.6758103570806306,2.2235051121304603,0.5339983511142783,False
2011-11-24,48080.28,3766,12.77,0.9272218063367097,2.4009272744988617,-0.7913277030387854,False
2011-11-25,50442.72,3125,16.14,1.0631059663522449,1.6272700902937918,-0.2906159538800606,False
2011-11-27,20571.5,2543,8.09,-0.6550437594986753,0.9248231617331825,-1.4866781440069845,False
2011-11-28,55442.02,3330,16.65,1.350658531143589,1.8746955548211544,-0.21484058531301353,False
2011-11-29,72219.2,4313,16.74,2.315657858842677,3.0611308310669942,-0.2014684614482405,True
2011-11-30,59150.98,3454,17.13,1.5639925900535379,2.024357787023071,-0.14352259136755716,False
2011-12-01,51410.95,2901,17.72,1.1187971670819314,1.3569125095419423,-0.055860890476267105,False
2011-12-02,57086.06,2880,19.82,1.4452213536626541,1.3315664863464562,0.2561553330351045,False
2011-12-04,24565.78,2038,12.05,-0.42529850346387627,0.3153116515560214,-0.8983046939569697,False
2011-12-05,57751.32,5331,10.83,1.4834861545854015,4.289809479305311,-1.0795712619016713,True
2011-12-06,54228.37,3365,16.12,1.280851124054794,1.9169389268136308,-0.2935875369611212,False
2011-12-07,75076.22,2438,30.79,2.479989551011614,0.798093045755753,1.8860686529968875,False
2011-12-08,81417.78,4940,16.48,2.844746985608097,3.8178906664750736,-0.24009904150202904,True
2011-12-09,32149.53,1633,19.69,0.010907918082411957,-0.17350451007120674,0.23684004300821027,False
